id_tipodocumento;numerodocumento;nombres;apellidos;telefono;correo;
1;6951122423;juan josé;berrocal herrero;7516812532;jose@gmail.com;
1;7813412410;miguel ángel;abril iñigo;6838781709;miguel@gmail.com;
1;6965420984;juan sebastián;gamero esquinas;7536115521;juan@gmail.com;
1;6802444213;samuel david;mora salmeron;8297249152;samul@gmail.com;
1;6493257220;juan david;barrionuevo serna;8650728274;david@gmail.com;
2;8524279962;juan pablo;peralta del rosario;6942481400;pablo@gmail.com;
2;6571918110;juan diego;huerta novas;800319208;diego@gmail.com;
2;7490549934;angel david;cubillo fabra;8662018114;angel@gmail.com;
1;7506192909;juan esteban; casanova vadillo;8797470165;esteban@gmail.com;
1;679376654;andrés felipe;insua aguilera;6346106865;felipe@gmail.com;
1;7245254625;maria jose;solsona rial;6646113781;maria@gmail.com;
2;6540797613;maria  ;cuadrado duro;6724794721;mariac@gmail.com;
1;6638551023;maria teresa;monreal sanz;8829286670;teresa@gmail.com;
1;783468618;juan antonio ;mangas cuellar;6529995066;antonio@gmail.com;
1;8453297227;adrian ;pelayo grande;8154848652;adrianc@gmail.com;
1;6136775382;jose ignacio;lemos arrizabalaga;8617339775;ignacio@gmail.com;
2;808891718;antonio ;canovas giron;6991046203;antonioc@gmail.com;
1;725189642;jose antonio; suero mateo;8692824221;antonio@gmail.com;
1;7410204092;andrea; seijas naranjo;8268361500;andreac@gmail.com;
;;;;;;
